modelID,posX,posY,posZ,rotX,rotY,rotZ,scaleX,scaleY,scaleZ
Rock1,0,0,1500,0,0,0,1,1,1
Rock1,-1200,0,2500,0,20,0,1,1,1
Rock1,1200,0,3200,0,345,0,1,1,1
Rock1,0,0,5000,0,30,0,1,1,1
Rock2,-700,0,7000,0,0,0,1,1,1
Rock2,700,0,7000,0,180,0,1,1,1
Rock1,-1500,0,8200,0,0,0,1,1,1
Rock1,1500,0,8800,0,40,0,1,1,1
Rock3,0,0,10500,0,90,0,1,1,1
Rock1,-2000,0,11000,0,0,0,1,1,1
Rock1,2000,0,11000,0,30,0,1,1,1
Rock3,0,0,11300,0,300,0,1,1,1
Rock2,-900,0,13200,0,0,0,1,1,1
Rock2,900,0,13200,0,180,0,1,1,1
Rock1,0,0,15000,0,0,0,1,1,1
Rock3,-600,0,15800,0,0,0,1,1,1
Rock1,-1500,0,16000,0,0,0,1,1,1
Rock3,600,0,16400,0,120,0,1,1,1
Rock3,-600,0,17000,0,330,0,1,1,1
Rock1,1500,0,17000,0,60,0,1,1,1
Rock2,-1100,0,19800,0,0,0,1,1,1
Rock2,1100,0,19800,0,180,0,1,1,1
Rock2,-900,0,21000,0,20,0,1,1,1
Rock2,900,0,21000,0,200,0,1,1,1
Rock3,-1800,0,22000,0,0,0,1,1,1
Rock3,1800,0,22000,0,90,0,1,1,1
Rock2,-700,0,23200,0,0,0,1,1,1
Rock2,700,0,23200,0,180,0,1,1,1
Rock1,-1500,0,25000,0,0,0,1,1,1
Rock1,1500,0,25500,0,45,0,1,1,1
Rock1,0,0,26500,0,0,0,1,1,1
